startTime,Open,High,Low,Close,Volume,Turnover
1736192820000,102798,106907,96778.5,96778.5,40522,0.39994618
1736192880000,96778.5,106738,96778.5,106738,36761,0.35485498
1736192940000,106738,111007.5,106738,111007.5,44593,0.40929838
1736193000000,111007.5,112840,103992,103992,34775,0.32189399
1736193060000,103992,103997,99836,103997,15985,0.15999706
1736193120000,99839,99839,95843.5,95843.5,3,3.129e-05
